date,city,city_id,label,combination,amount,amount_text,race_count,url,races_json
2026-01-16,Izmir,2,6'LI GANYAN,"2/4/4/2/1/8,12",1117.68,"1.117,68 ₺",6,https://www.tjk.org/TR/YarisSever/Info/Sehir/GunlukYarisSonuclari?SehirId=2&QueryParameter_Tarih=16%2F01%2F2026&SehirAdi=Izmir,"[{""race_index"": 1, ""race_id"": ""222536"", ""config"": ""Maiden , 3 Yaşlı İngilizler,\r\n\r\n58 kg, \r\n                    1900\r\n\r\nKum , E.İ.D. : 1.58.31"", ""winner"": ""MİGRAKOM BEYİ"", ""winner_ganyan"": ""6,85""}, {""race_index"": 2, ""race_id"": ""222541"", ""config"": ""Handikap 16 /H1 , 4 ve Yukarı İngilizler,\r\n\r\n\r\n                    1900\r\n\r\nKum , E.İ.D. : 1.58.31"", ""winner"": ""NORTHERN SHOT"", ""winner_ganyan"": ""3,70""}, {""race_index"": 3, ""race_id"": ""222544"", ""config"": ""KV-6/DHÖW , 4 ve Yukarı Araplar,\r\n\r\n58 kg, 61 kg, \r\n                    1900\r\n\r\nKum , E.İ.D. : 2.10.52"", ""winner"": ""DÜNDARZADE"", ""winner_ganyan"": ""1,80""}, {""race_index"": 4, ""race_id"": ""222543"", ""config"": ""ŞARTLI 4/DHÖW /X , 4 Yaşlı Araplar,\r\n\r\n58 kg, \r\n                    1200\r\n\r\nKum , E.İ.D. : 1.19.36"", ""winner"": ""OKTAY KAHYA"", ""winner_ganyan"": ""2,10""}, {""race_index"": 5, ""race_id"": ""222537"", ""config"": ""ŞARTLI 3 /X , 3 Yaşlı İngilizler,\r\n\r\n58 kg, \r\n                    1400\r\n\r\nKum , E.İ.D. : 1.24.15"", ""winner"": ""FROST CAT"", ""winner_ganyan"": ""3,40""}, {""race_index"": 6, ""race_id"": ""222538"", ""config"": ""SATIŞ 1 , 4 ve Yukarı İngilizler,\r\n\r\n58 kg, 59 kg, \r\n                    1400\r\n\r\nKum , E.İ.D. : 1.24.15"", ""winner"": ""OBRADA"", ""winner_ganyan"": ""2,05""}]"
2026-01-18,Izmir,2,1. 6'LI GANYAN,"8/3,8/3,10/6/1/1",517.56,"517,56 ₺",8,https://www.tjk.org/TR/YarisSever/Info/Sehir/GunlukYarisSonuclari?SehirId=2&QueryParameter_Tarih=18%2F01%2F2026&SehirAdi=Izmir,"[{""race_index"": 1, ""race_id"": ""222611"", ""config"": ""ŞARTLI 1 , 3 Yaşlı İngilizler,\r\n\r\n58 kg, \r\n                    1400\r\n\r\nKum , E.İ.D. : 1.24.15"", ""winner"": ""HOLY"", ""winner_ganyan"": ""4,45""}, {""race_index"": 2, ""race_id"": ""222613"", ""config"": ""ŞARTLI 3 /X-1 , 4 ve Yukarı İngilizler,\r\n\r\n58 kg, 59 kg, \r\n                    1200\r\n\r\nKum , E.İ.D. : 1.11.25"", ""winner"": ""DRAGON PULSE"", ""winner_ganyan"": ""1,30""}, {""race_index"": 3, ""race_id"": ""222610"", ""config"": ""ŞARTLI 1 , 3 Yaşlı İngilizler,\r\n\r\n58 kg, \r\n                    1400\r\n\r\nKum , E.İ.D. : 1.24.15"", ""winner"": ""TOLPER"", ""winner_ganyan"": ""1,85""}, {""race_index"": 4, ""race_id"": ""222615"", ""config"": ""Handikap 14/DHÖ /H2 , 4 Yaşlı Araplar,\r\n\r\n\r\n                    1900\r\n\r\nKum , E.İ.D. : 2.10.52"", ""winner"": ""CANYAMAN"", ""winner_ganyan"": ""5,70""}, {""race_index"": 5, ""race_id"": ""222616"", ""config"": ""G 3/DHT , 4 ve Yukarı Araplar,\r\n\r\n58 kg, 61 kg, \r\n                    1600\r\n\r\nKum , E.İ.D. : 1.48.55"", ""winner"": ""BEYAZIŞIK"", ""winner_ganyan"": ""1,55""}, {""race_index"": 6, ""race_id"": ""222614"", ""config"": ""Kısa Vade Handikap 24 /H1 , 4 ve Yukarı İngilizler,\r\n\r\n\r\n                    2100\r\n\r\nKum , E.İ.D. : 2.12.31"", ""winner"": ""DROWZEE"", ""winner_ganyan"": ""2,70""}, {""race_index"": 7, ""race_id"": ""222612"", ""config"": ""ŞARTLI 5 , 3 Yaşlı İngilizler,\r\n\r\n58 kg, \r\n                    1200\r\n\r\nKum , E.İ.D. : 1.11.25"", ""winner"": ""KIZILCAHAMAM BEYİ"", ""winner_ganyan"": ""1,20""}, {""race_index"": 8, ""race_id"": ""222617"", ""config"": ""Handikap 14/DHÖ /H1 , 4 ve Yukarı Araplar,\r\n\r\n\r\n                    1400\r\n\r\nKum , E.İ.D. : 1.32.97"", ""winner"": ""BER KEMAL"", ""winner_ganyan"": ""4,45""}]"
2026-01-18,Izmir,2,2. 6'LI GANYAN,"3,10/6/1/1/3,6/7",631.75,"631,75 ₺",8,https://www.tjk.org/TR/YarisSever/Info/Sehir/GunlukYarisSonuclari?SehirId=2&QueryParameter_Tarih=18%2F01%2F2026&SehirAdi=Izmir,"[{""race_index"": 1, ""race_id"": ""222611"", ""config"": ""ŞARTLI 1 , 3 Yaşlı İngilizler,\r\n\r\n58 kg, \r\n                    1400\r\n\r\nKum , E.İ.D. : 1.24.15"", ""winner"": ""HOLY"", ""winner_ganyan"": ""4,45""}, {""race_index"": 2, ""race_id"": ""222613"", ""config"": ""ŞARTLI 3 /X-1 , 4 ve Yukarı İngilizler,\r\n\r\n58 kg, 59 kg, \r\n                    1200\r\n\r\nKum , E.İ.D. : 1.11.25"", ""winner"": ""DRAGON PULSE"", ""winner_ganyan"": ""1,30""}, {""race_index"": 3, ""race_id"": ""222610"", ""config"": ""ŞARTLI 1 , 3 Yaşlı İngilizler,\r\n\r\n58 kg, \r\n                    1400\r\n\r\nKum , E.İ.D. : 1.24.15"", ""winner"": ""TOLPER"", ""winner_ganyan"": ""1,85""}, {""race_index"": 4, ""race_id"": ""222615"", ""config"": ""Handikap 14/DHÖ /H2 , 4 Yaşlı Araplar,\r\n\r\n\r\n                    1900\r\n\r\nKum , E.İ.D. : 2.10.52"", ""winner"": ""CANYAMAN"", ""winner_ganyan"": ""5,70""}, {""race_index"": 5, ""race_id"": ""222616"", ""config"": ""G 3/DHT , 4 ve Yukarı Araplar,\r\n\r\n58 kg, 61 kg, \r\n                    1600\r\n\r\nKum , E.İ.D. : 1.48.55"", ""winner"": ""BEYAZIŞIK"", ""winner_ganyan"": ""1,55""}, {""race_index"": 6, ""race_id"": ""222614"", ""config"": ""Kısa Vade Handikap 24 /H1 , 4 ve Yukarı İngilizler,\r\n\r\n\r\n                    2100\r\n\r\nKum , E.İ.D. : 2.12.31"", ""winner"": ""DROWZEE"", ""winner_ganyan"": ""2,70""}, {""race_index"": 7, ""race_id"": ""222612"", ""config"": ""ŞARTLI 5 , 3 Yaşlı İngilizler,\r\n\r\n58 kg, \r\n                    1200\r\n\r\nKum , E.İ.D. : 1.11.25"", ""winner"": ""KIZILCAHAMAM BEYİ"", ""winner_ganyan"": ""1,20""}, {""race_index"": 8, ""race_id"": ""222617"", ""config"": ""Handikap 14/DHÖ /H1 , 4 ve Yukarı Araplar,\r\n\r\n\r\n                    1400\r\n\r\nKum , E.İ.D. : 1.32.97"", ""winner"": ""BER KEMAL"", ""winner_ganyan"": ""4,45""}]"
2026-01-29,Izmir,2,1. 6'LI GANYAN,"2/3/2/7/1,6/3",141.18,"141,18 ₺",8,https://www.tjk.org/TR/YarisSever/Info/Sehir/GunlukYarisSonuclari?SehirId=2&QueryParameter_Tarih=29%2F01%2F2026&SehirAdi=Izmir,"[{""race_index"": 1, ""race_id"": ""222824"", ""config"": ""Handikap 14 /H2 , 3 Yaşlı İngilizler,\r\n\r\n\r\n                    1600\r\n\r\nKum , E.İ.D. : 1.37.63"", ""winner"": ""KUZEYİN KRALI"", ""winner_ganyan"": ""2,15""}, {""race_index"": 2, ""race_id"": ""222819"", ""config"": ""Maiden , 3 Yaşlı İngilizler,\r\n\r\n58 kg, \r\n                    1400\r\n\r\nKum , E.İ.D. : 1.24.15"", ""winner"": ""MOĞOL"", ""winner_ganyan"": ""1,20""}, {""race_index"": 3, ""race_id"": ""222827"", ""config"": ""Handikap 15 /H1 , 4 ve Yukarı İngilizler,\r\n\r\n\r\n                    2000\r\n\r\nKum , E.İ.D. : 2.05.51"", ""winner"": ""EL CACİQUE"", ""winner_ganyan"": ""2,90""}, {""race_index"": 4, ""race_id"": ""222830"", ""config"": ""Handikap 17/DHT /H1 , 4 ve Yukarı Araplar,\r\n\r\n\r\n                    1400\r\n\r\nKum , E.İ.D. : 1.32.97"", ""winner"": ""ŞİMŞEKKIRAN"", ""winner_ganyan"": ""1,55""}, {""race_index"": 5, ""race_id"": ""222828"", ""config"": ""Handikap 15/DHÖW/Dişi /H2 , 4 Yaşlı Araplar,\r\n\r\n\r\n                    1900\r\n\r\nKum , E.İ.D. : 2.10.52"", ""winner"": ""KIVILCIM ATEŞİ"", ""winner_ganyan"": ""1,25""}, {""race_index"": 6, ""race_id"": ""222829"", ""config"": ""ŞARTLI 3/DHÖW /X-1 , 4 ve Yukarı Araplar,\r\n\r\n58 kg, 60.50 kg, \r\n                    1400\r\n\r\nKum , E.İ.D. : 1.32.97"", ""winner"": ""HOLİGAN"", ""winner_ganyan"": ""3,35""}, {""race_index"": 7, ""race_id"": ""222820"", ""config"": ""Maiden , 3 Yaşlı İngilizler,\r\n\r\n58 kg, \r\n                    1400\r\n\r\nKum , E.İ.D. : 1.24.15"", ""winner"": ""JANN POLL"", ""winner_ganyan"": ""1,50""}, {""race_index"": 8, ""race_id"": ""222826"", ""config"": ""SATIŞ 1 , 4 ve Yukarı İngilizler,\r\n\r\n58 kg, 60 kg, \r\n                    2000\r\n\r\nKum , E.İ.D. : 2.05.51"", ""winner"": ""OBRADA"", ""winner_ganyan"": ""5,70""}]"
2026-01-29,Izmir,2,2. 6'LI GANYAN,"2/7/1,6/3/2,3,8/9",1087.56,"1.087,56 ₺",8,https://www.tjk.org/TR/YarisSever/Info/Sehir/GunlukYarisSonuclari?SehirId=2&QueryParameter_Tarih=29%2F01%2F2026&SehirAdi=Izmir,"[{""race_index"": 1, ""race_id"": ""222824"", ""config"": ""Handikap 14 /H2 , 3 Yaşlı İngilizler,\r\n\r\n\r\n                    1600\r\n\r\nKum , E.İ.D. : 1.37.63"", ""winner"": ""KUZEYİN KRALI"", ""winner_ganyan"": ""2,15""}, {""race_index"": 2, ""race_id"": ""222819"", ""config"": ""Maiden , 3 Yaşlı İngilizler,\r\n\r\n58 kg, \r\n                    1400\r\n\r\nKum , E.İ.D. : 1.24.15"", ""winner"": ""MOĞOL"", ""winner_ganyan"": ""1,20""}, {""race_index"": 3, ""race_id"": ""222827"", ""config"": ""Handikap 15 /H1 , 4 ve Yukarı İngilizler,\r\n\r\n\r\n                    2000\r\n\r\nKum , E.İ.D. : 2.05.51"", ""winner"": ""EL CACİQUE"", ""winner_ganyan"": ""2,90""}, {""race_index"": 4, ""race_id"": ""222830"", ""config"": ""Handikap 17/DHT /H1 , 4 ve Yukarı Araplar,\r\n\r\n\r\n                    1400\r\n\r\nKum , E.İ.D. : 1.32.97"", ""winner"": ""ŞİMŞEKKIRAN"", ""winner_ganyan"": ""1,55""}, {""race_index"": 5, ""race_id"": ""222828"", ""config"": ""Handikap 15/DHÖW/Dişi /H2 , 4 Yaşlı Araplar,\r\n\r\n\r\n                    1900\r\n\r\nKum , E.İ.D. : 2.10.52"", ""winner"": ""KIVILCIM ATEŞİ"", ""winner_ganyan"": ""1,25""}, {""race_index"": 6, ""race_id"": ""222829"", ""config"": ""ŞARTLI 3/DHÖW /X-1 , 4 ve Yukarı Araplar,\r\n\r\n58 kg, 60.50 kg, \r\n                    1400\r\n\r\nKum , E.İ.D. : 1.32.97"", ""winner"": ""HOLİGAN"", ""winner_ganyan"": ""3,35""}, {""race_index"": 7, ""race_id"": ""222820"", ""config"": ""Maiden , 3 Yaşlı İngilizler,\r\n\r\n58 kg, \r\n                    1400\r\n\r\nKum , E.İ.D. : 1.24.15"", ""winner"": ""JANN POLL"", ""winner_ganyan"": ""1,50""}, {""race_index"": 8, ""race_id"": ""222826"", ""config"": ""SATIŞ 1 , 4 ve Yukarı İngilizler,\r\n\r\n58 kg, 60 kg, \r\n                    2000\r\n\r\nKum , E.İ.D. : 2.05.51"", ""winner"": ""OBRADA"", ""winner_ganyan"": ""5,70""}]"
2026-01-31,Adana,1,2. 6'LI GANYAN,"3,4/5,6,7/4/10/3/5,6",300.87,"300,87 ₺",9,https://www.tjk.org/TR/YarisSever/Info/Sehir/GunlukYarisSonuclari?SehirId=1&QueryParameter_Tarih=31%2F01%2F2026&SehirAdi=Adana,"[{""race_index"": 1, ""race_id"": ""222855"", ""config"": ""Handikap 14/DHÖW /H1/Y1 , 4 ve Yukarı Araplar,\r\n\r\n\r\n                    1400\r\n\r\nKum , E.İ.D. : 1.34.68"", ""winner"": ""FIRTINAYÜREK"", ""winner_ganyan"": ""2,60""}, {""race_index"": 2, ""race_id"": ""222851"", ""config"": ""Maiden/Satış/DHÖW , 4 Yaşlı Araplar,\r\n\r\n58 kg, \r\n                    1300\r\n\r\nKum , E.İ.D. : 1.28.54"", ""winner"": ""YOSUNKAYA"", ""winner_ganyan"": ""3,70""}, {""race_index"": 3, ""race_id"": ""222854"", ""config"": ""ŞARTLI 5 , 4 ve Yukarı İngilizler,\r\n\r\n58 kg, 60 kg, \r\n                    1900\r\n\r\nKum , E.İ.D. : 2.00.00"", ""winner"": ""DRAGON KINGDOM"", ""winner_ganyan"": ""5,55""}, {""race_index"": 4, ""race_id"": ""222858"", ""config"": ""ŞARTLI 4/DHÖW/Dişi , 4 Yaşlı Araplar,\r\n\r\n58 kg, \r\n                    1900\r\n\r\nKum , E.İ.D. : 2.11.74"", ""winner"": ""ATAKLI KIZ"", ""winner_ganyan"": ""3,40""}, {""race_index"": 5, ""race_id"": ""222856"", ""config"": ""ŞARTLI 4/Dişi , 4 ve Yukarı İngilizler,\r\n\r\n58 kg, 59 kg, \r\n                    1500\r\n\r\nKum , E.İ.D. : 1.31.83"", ""winner"": ""MADAM ORACLE"", ""winner_ganyan"": ""1,90""}, {""race_index"": 6, ""race_id"": ""222853"", ""config"": ""G 3 , 3 Yaşlı İngilizler,\r\n\r\n58 kg, \r\n                    1400\r\n\r\nKum , E.İ.D. : 1.24.53"", ""winner"": ""SILENT TREATMENT"", ""winner_ganyan"": ""1,90""}, {""race_index"": 7, ""race_id"": ""222852"", ""config"": ""Maiden/Satış/DHÖW , 4 Yaşlı Araplar,\r\n\r\n58 kg, \r\n                    1300\r\n\r\nKum , E.İ.D. : 1.28.54"", ""winner"": ""UZUN YAZ"", ""winner_ganyan"": ""3,00""}, {""race_index"": 8, ""race_id"": ""222857"", ""config"": ""KV-8/DHÖW , 4 ve Yukarı Araplar,\r\n\r\n58 kg, 60.50 kg, \r\n                    1400\r\n\r\nKum , E.İ.D. : 1.34.68"", ""winner"": ""KATI ZAMANI"", ""winner_ganyan"": ""1,05""}, {""race_index"": 9, ""race_id"": ""222850"", ""config"": ""Maiden/Satış/DHÖW , 4 Yaşlı Araplar,\r\n\r\n58 kg, \r\n                    1300\r\n\r\nKum , E.İ.D. : 1.28.54"", ""winner"": ""TOYHAN BEY"", ""winner_ganyan"": ""1,95""}]"
2026-02-01,Adana,1,1. 6'LI GANYAN,"2,5/7/5/3/1,6/6",1080.25,"1.080,25 ₺",8,https://www.tjk.org/TR/YarisSever/Info/Sehir/GunlukYarisSonuclari?SehirId=1&QueryParameter_Tarih=01%2F02%2F2026&SehirAdi=Adana,"[{""race_index"": 1, ""race_id"": ""222874"", ""config"": ""Handikap 15 /H2 , 3 Yaşlı İngilizler,\r\n\r\n\r\n                    1400\r\n\r\nKum , E.İ.D. : 1.24.53"", ""winner"": ""SHADOW SOLDIER"", ""winner_ganyan"": ""1,50""}, {""race_index"": 2, ""race_id"": ""222867"", ""config"": ""Maiden , 3 Yaşlı İngilizler,\r\n\r\n58 kg, \r\n                    1900\r\n\r\nKum , E.İ.D. : 2.00.00"", ""winner"": ""VICTOR THE BRAVE"", ""winner_ganyan"": ""3,90""}, {""race_index"": 3, ""race_id"": ""222878"", ""config"": ""Handikap 15/Dişi /H1 , 4 ve Yukarı İngilizler,\r\n\r\n\r\n                    1400\r\n\r\nKum , E.İ.D. : 1.24.53"", ""winner"": ""EMİRAY DAFNE"", ""winner_ganyan"": ""2,00""}, {""race_index"": 4, ""race_id"": ""222877"", ""config"": ""Handikap 15/DHÖW/Dişi /H1 , 4 ve Yukarı Araplar,\r\n\r\n\r\n                    2100\r\n\r\nKum , E.İ.D. : 2.28.74"", ""winner"": ""HOŞGÜLHAT"", ""winner_ganyan"": ""4,90""}, {""race_index"": 5, ""race_id"": ""222868"", ""config"": ""Maiden , 3 Yaşlı İngilizler,\r\n\r\n58 kg, \r\n                    1900\r\n\r\nKum , E.İ.D. : 2.00.00"", ""winner"": ""CALVADOS"", ""winner_ganyan"": ""1,10""}, {""race_index"": 6, ""race_id"": ""222875"", ""config"": ""KV-9 , 4 ve Yukarı İngilizler,\r\n\r\n58 kg, 59 kg, \r\n                    1500\r\n\r\nKum , E.İ.D. : 1.31.83"", ""winner"": ""SUPERBELLA"", ""winner_ganyan"": ""1,80""}, {""race_index"": 7, ""race_id"": ""222879"", ""config"": ""ŞARTLI 4/DHÖW , 4 ve Yukarı Araplar,\r\n\r\n58 kg, 60.50 kg, \r\n                    1400\r\n\r\nKum , E.İ.D. : 1.34.68"", ""winner"": ""GÜRAYHAN"", ""winner_ganyan"": ""3,70""}, {""race_index"": 8, ""race_id"": ""222881"", ""config"": ""Handikap 14/DHÖW /H2 , 4 Yaşlı Araplar,\r\n\r\n\r\n                    1900\r\n\r\nKum , E.İ.D. : 2.11.74"", ""winner"": ""BOĞAZİÇİ BEYİ"", ""winner_ganyan"": ""7,50""}]"
2026-02-01,Izmir,2,1. 6'LI GANYAN,"2/2/1/1/6/1,4",571.75,"571,75 ₺",8,https://www.tjk.org/TR/YarisSever/Info/Sehir/GunlukYarisSonuclari?SehirId=2&QueryParameter_Tarih=01%2F02%2F2026&SehirAdi=Izmir,"[{""race_index"": 1, ""race_id"": ""222869"", ""config"": ""Maiden/DHÖW , 4 Yaşlı Araplar,\r\n\r\n58 kg, \r\n                    1400\r\n\r\nKum , E.İ.D. : 1.32.97"", ""winner"": ""ALACA HÖYÜK"", ""winner_ganyan"": ""1,35""}, {""race_index"": 2, ""race_id"": ""222872"", ""config"": ""ŞARTLI 5 , 3 Yaşlı İngilizler,\r\n\r\n58 kg, \r\n                    1400\r\n\r\nKum , E.İ.D. : 1.24.15"", ""winner"": ""BLACK SHARK"", ""winner_ganyan"": ""1,35""}, {""race_index"": 3, ""race_id"": ""222883"", ""config"": ""KV-6/DHÖW , 4 ve Yukarı Araplar,\r\n\r\n58 kg, 60.50 kg, \r\n                    1400\r\n\r\nKum , E.İ.D. : 1.32.97"", ""winner"": ""SADIK AĞANIN OĞLU"", ""winner_ganyan"": ""1,60""}, {""race_index"": 4, ""race_id"": ""222870"", ""config"": ""Maiden/DHÖW , 4 Yaşlı Araplar,\r\n\r\n58 kg, \r\n                    1400\r\n\r\nKum , E.İ.D. : 1.32.97"", ""winner"": ""KÜLÜNÇ AĞASI"", ""winner_ganyan"": ""2,60""}, {""race_index"": 5, ""race_id"": ""222882"", ""config"": ""ŞARTLI 4/DHÖW /X , 4 Yaşlı Araplar,\r\n\r\n58 kg, \r\n                    2000\r\n\r\nKum , E.İ.D. : 2.17.95"", ""winner"": ""YILMA TAY"", ""winner_ganyan"": ""6,05""}, {""race_index"": 6, ""race_id"": ""222873"", ""config"": ""KV-8 , 4 ve Yukarı İngilizler,\r\n\r\n58 kg, 60 kg, \r\n                    2000\r\n\r\nKum , E.İ.D. : 2.05.51"", ""winner"": ""THE PROTECTER"", ""winner_ganyan"": ""1,05""}, {""race_index"": 7, ""race_id"": ""222871"", ""config"": ""KV-6/Dişi , 3 Yaşlı İngilizler,\r\n\r\n58 kg, \r\n                    1900\r\n\r\nKum , E.İ.D. : 1.58.31"", ""winner"": ""QUEEN SEV"", ""winner_ganyan"": ""2,45""}, {""race_index"": 8, ""race_id"": ""222880"", ""config"": ""ŞARTLI 4/Dişi /X-1 , 4 ve Yukarı İngilizler,\r\n\r\n58 kg, 59 kg, \r\n                    1400\r\n\r\nKum , E.İ.D. : 1.24.15"", ""winner"": ""DUYARLI"", ""winner_ganyan"": ""9,75""}]"
2026-02-07,Adana,1,1. 6'LI GANYAN,"4/1,4/5/4/1/5",685.12,"685,12 ₺",8,https://www.tjk.org/TR/YarisSever/Info/Sehir/GunlukYarisSonuclari?SehirId=1&QueryParameter_Tarih=07%2F02%2F2026&SehirAdi=Adana,"[{""race_index"": 1, ""race_id"": ""222998"", ""config"": ""Handikap 15 /H2 , 3 Yaşlı İngilizler,\r\n\r\n\r\n                    1900\r\n\r\nKum , E.İ.D. : 2.00.00"", ""winner"": ""ŞAMAR"", ""winner_ganyan"": ""1,20""}, {""race_index"": 2, ""race_id"": ""223001"", ""config"": ""ŞARTLI 5/DHÖW/Y2 , 4 Yaşlı Araplar,\r\n\r\n58 kg, \r\n                    1900\r\n\r\nKum , E.İ.D. : 2.11.74"", ""winner"": ""İSMET ABİ"", ""winner_ganyan"": ""1,20""}, {""race_index"": 3, ""race_id"": ""223002"", ""config"": ""ŞARTLI 3/DHÖW /X-1 , 4 ve Yukarı Araplar,\r\n\r\n58 kg, 61 kg, \r\n                    1900\r\n\r\nKum , E.İ.D. : 2.11.74"", ""winner"": ""KENT RÜZGARI"", ""winner_ganyan"": ""1,70""}, {""race_index"": 4, ""race_id"": ""222991"", ""config"": ""Maiden/Dişi , 3 Yaşlı İngilizler,\r\n\r\n58 kg, \r\n                    1200\r\n\r\nKum , E.İ.D. : 1.12.20"", ""winner"": ""DİNEDA"", ""winner_ganyan"": ""25,45""}, {""race_index"": 5, ""race_id"": ""222999"", ""config"": ""ŞARTLI 5 , 4 ve Yukarı İngilizler,\r\n\r\n58 kg, 59 kg, \r\n                    1200\r\n\r\nKum , E.İ.D. : 1.12.20"", ""winner"": ""HALLELUKA"", ""winner_ganyan"": ""1,05""}, {""race_index"": 6, ""race_id"": ""223000"", ""config"": ""KV-8/DHT , 4 Yaşlı Araplar,\r\n\r\n58 kg, \r\n                    1400\r\n\r\nKum , E.İ.D. : 1.34.68"", ""winner"": ""SERGÖKÇE"", ""winner_ganyan"": ""1,15""}, {""race_index"": 7, ""race_id"": ""222990"", ""config"": ""Maiden/Dişi , 3 Yaşlı İngilizler,\r\n\r\n58 kg, \r\n                    1200\r\n\r\nKum , E.İ.D. : 1.12.20"", ""winner"": ""BALİNKA"", ""winner_ganyan"": ""3,65""}, {""race_index"": 8, ""race_id"": ""223003"", ""config"": ""SATIŞ 1/DHÖW , 4 ve Yukarı Araplar,\r\n\r\n58 kg, 60.50 kg, \r\n                    1400\r\n\r\nKum , E.İ.D. : 1.34.68"", ""winner"": ""DUMAN"", ""winner_ganyan"": ""3,05""}]"
2026-02-08,Adana,1,1. 6'LI GANYAN,5/4/1/2/1/1,247.56,"247,56 ₺",8,https://www.tjk.org/TR/YarisSever/Info/Sehir/GunlukYarisSonuclari?SehirId=1&QueryParameter_Tarih=08%2F02%2F2026&SehirAdi=Adana,"[{""race_index"": 1, ""race_id"": ""223005"", ""config"": ""Maiden/DHÖ/Dişi , 4 Yaşlı Araplar,\r\n\r\n58 kg, \r\n                    1400\r\n\r\nKum , E.İ.D. : 1.34.68"", ""winner"": ""KIRMIZI PERDE"", ""winner_ganyan"": ""2,05""}, {""race_index"": 2, ""race_id"": ""223011"", ""config"": ""ŞARTLI 3 , 3 Yaşlı İngilizler,\r\n\r\n58 kg, \r\n                    1900\r\n\r\nKum , E.İ.D. : 2.00.00"", ""winner"": ""FIRE OF TYGAR"", ""winner_ganyan"": ""2,55""}, {""race_index"": 3, ""race_id"": ""223014"", ""config"": ""Handikap 14/DHÖW /H1 , 4 ve Yukarı Araplar,\r\n\r\n\r\n                    2100\r\n\r\nKum , E.İ.D. : 2.28.74"", ""winner"": ""TABİP BEY"", ""winner_ganyan"": ""5,30""}, {""race_index"": 4, ""race_id"": ""223013"", ""config"": ""Handikap 15/Dişi /H2 , 3 Yaşlı İngilizler,\r\n\r\n\r\n                    1500\r\n\r\nKum , E.İ.D. : 1.31.83"", ""winner"": ""GRINGA"", ""winner_ganyan"": ""1,25""}, {""race_index"": 5, ""race_id"": ""223016"", ""config"": ""ŞARTLI 3 /X-1 , 4 ve Yukarı İngilizler,\r\n\r\n58 kg, 59 kg, \r\n                    1400\r\n\r\nKum , E.İ.D. : 1.24.53"", ""winner"": ""MY STAR"", ""winner_ganyan"": ""1,30""}, {""race_index"": 6, ""race_id"": ""223015"", ""config"": ""KV-8/DHÖW , 4 ve Yukarı Araplar,\r\n\r\n57.50 kg, 61 kg, \r\n                    2000\r\n\r\nKum , E.İ.D. : 2.20.77"", ""winner"": ""KATI ZAMANI"", ""winner_ganyan"": ""1,05""}, {""race_index"": 7, ""race_id"": ""223004"", ""config"": ""Maiden/DHÖ/Dişi , 4 Yaşlı Araplar,\r\n\r\n58 kg, \r\n                    1400\r\n\r\nKum , E.İ.D. : 1.34.68"", ""winner"": ""ZEMHERİ AY"", ""winner_ganyan"": ""7,90""}, {""race_index"": 8, ""race_id"": ""223018"", ""config"": ""Handikap 14 /H1 , 4 ve Yukarı İngilizler,\r\n\r\n\r\n                    2000\r\n\r\nKum , E.İ.D. : 2.06.32"", ""winner"": ""SIR AT"", ""winner_ganyan"": ""3,10""}]"
2026-02-08,Adana,1,2. 6'LI GANYAN,1/2/1/1/9/7,599.93,"599,93 ₺",8,https://www.tjk.org/TR/YarisSever/Info/Sehir/GunlukYarisSonuclari?SehirId=1&QueryParameter_Tarih=08%2F02%2F2026&SehirAdi=Adana,"[{""race_index"": 1, ""race_id"": ""223005"", ""config"": ""Maiden/DHÖ/Dişi , 4 Yaşlı Araplar,\r\n\r\n58 kg, \r\n                    1400\r\n\r\nKum , E.İ.D. : 1.34.68"", ""winner"": ""KIRMIZI PERDE"", ""winner_ganyan"": ""2,05""}, {""race_index"": 2, ""race_id"": ""223011"", ""config"": ""ŞARTLI 3 , 3 Yaşlı İngilizler,\r\n\r\n58 kg, \r\n                    1900\r\n\r\nKum , E.İ.D. : 2.00.00"", ""winner"": ""FIRE OF TYGAR"", ""winner_ganyan"": ""2,55""}, {""race_index"": 3, ""race_id"": ""223014"", ""config"": ""Handikap 14/DHÖW /H1 , 4 ve Yukarı Araplar,\r\n\r\n\r\n                    2100\r\n\r\nKum , E.İ.D. : 2.28.74"", ""winner"": ""TABİP BEY"", ""winner_ganyan"": ""5,30""}, {""race_index"": 4, ""race_id"": ""223013"", ""config"": ""Handikap 15/Dişi /H2 , 3 Yaşlı İngilizler,\r\n\r\n\r\n                    1500\r\n\r\nKum , E.İ.D. : 1.31.83"", ""winner"": ""GRINGA"", ""winner_ganyan"": ""1,25""}, {""race_index"": 5, ""race_id"": ""223016"", ""config"": ""ŞARTLI 3 /X-1 , 4 ve Yukarı İngilizler,\r\n\r\n58 kg, 59 kg, \r\n                    1400\r\n\r\nKum , E.İ.D. : 1.24.53"", ""winner"": ""MY STAR"", ""winner_ganyan"": ""1,30""}, {""race_index"": 6, ""race_id"": ""223015"", ""config"": ""KV-8/DHÖW , 4 ve Yukarı Araplar,\r\n\r\n57.50 kg, 61 kg, \r\n                    2000\r\n\r\nKum , E.İ.D. : 2.20.77"", ""winner"": ""KATI ZAMANI"", ""winner_ganyan"": ""1,05""}, {""race_index"": 7, ""race_id"": ""223004"", ""config"": ""Maiden/DHÖ/Dişi , 4 Yaşlı Araplar,\r\n\r\n58 kg, \r\n                    1400\r\n\r\nKum , E.İ.D. : 1.34.68"", ""winner"": ""ZEMHERİ AY"", ""winner_ganyan"": ""7,90""}, {""race_index"": 8, ""race_id"": ""223018"", ""config"": ""Handikap 14 /H1 , 4 ve Yukarı İngilizler,\r\n\r\n\r\n                    2000\r\n\r\nKum , E.İ.D. : 2.06.32"", ""winner"": ""SIR AT"", ""winner_ganyan"": ""3,10""}]"
2026-02-08,Izmir,2,1. 6'LI GANYAN,3/3/8/8/5/2,354.37,"354,37 ₺",8,https://www.tjk.org/TR/YarisSever/Info/Sehir/GunlukYarisSonuclari?SehirId=2&QueryParameter_Tarih=08%2F02%2F2026&SehirAdi=Izmir,"[{""race_index"": 1, ""race_id"": ""223010"", ""config"": ""Handikap 14/Dişi /H2 , 3 Yaşlı İngilizler,\r\n\r\n\r\n                    1200\r\n\r\nKum , E.İ.D. : 1.11.25"", ""winner"": ""SUPERTRAMP"", ""winner_ganyan"": ""1,60""}, {""race_index"": 2, ""race_id"": ""223008"", ""config"": ""ŞARTLI 4 , 3 Yaşlı İngilizler,\r\n\r\n58 kg, \r\n                    1900\r\n\r\nKum , E.İ.D. : 1.58.31"", ""winner"": ""BOB VALDES"", ""winner_ganyan"": ""1,25""}, {""race_index"": 3, ""race_id"": ""223019"", ""config"": ""Handikap 14/DHÖW /H1/Y2 , 4 ve Yukarı Araplar,\r\n\r\n\r\n                    1900\r\n\r\nKum , E.İ.D. : 2.10.52"", ""winner"": ""CANYAMAN"", ""winner_ganyan"": ""2,05""}, {""race_index"": 4, ""race_id"": ""223007"", ""config"": ""Maiden/DHÖW/Dişi , 4 Yaşlı Araplar,\r\n\r\n58 kg, \r\n                    1600\r\n\r\nKum , E.İ.D. : 1.48.55"", ""winner"": ""MEŞE PALAMUDU"", ""winner_ganyan"": ""3,05""}, {""race_index"": 5, ""race_id"": ""223009"", ""config"": ""KV-7/Dişi , 4 ve Yukarı İngilizler,\r\n\r\n58 kg, 60 kg, \r\n                    1600\r\n\r\nKum , E.İ.D. : 1.37.63"", ""winner"": ""MAJESTIK FLOW"", ""winner_ganyan"": ""1,75""}, {""race_index"": 6, ""race_id"": ""223017"", ""config"": ""KV-8/DHT , 4 Yaşlı Araplar,\r\n\r\n58 kg, \r\n                    1400\r\n\r\nKum , E.İ.D. : 1.32.97"", ""winner"": ""İLKERHAN"", ""winner_ganyan"": ""2,40""}, {""race_index"": 7, ""race_id"": ""223012"", ""config"": ""ŞARTLI 3 /X-1 , 4 ve Yukarı İngilizler,\r\n\r\n58 kg, 60 kg, \r\n                    1900\r\n\r\nKum , E.İ.D. : 1.58.31"", ""winner"": ""CAN EFE"", ""winner_ganyan"": ""1,60""}, {""race_index"": 8, ""race_id"": ""223006"", ""config"": ""Maiden/DHÖW/Dişi , 4 Yaşlı Araplar,\r\n\r\n58 kg, \r\n                    1600\r\n\r\nKum , E.İ.D. : 1.48.55"", ""winner"": ""KURUKAHVE"", ""winner_ganyan"": ""3,30""}]"
2026-02-08,Izmir,2,2. 6'LI GANYAN,8/8/5/2/1/9,987.68,"987,68 ₺",8,https://www.tjk.org/TR/YarisSever/Info/Sehir/GunlukYarisSonuclari?SehirId=2&QueryParameter_Tarih=08%2F02%2F2026&SehirAdi=Izmir,"[{""race_index"": 1, ""race_id"": ""223010"", ""config"": ""Handikap 14/Dişi /H2 , 3 Yaşlı İngilizler,\r\n\r\n\r\n                    1200\r\n\r\nKum , E.İ.D. : 1.11.25"", ""winner"": ""SUPERTRAMP"", ""winner_ganyan"": ""1,60""}, {""race_index"": 2, ""race_id"": ""223008"", ""config"": ""ŞARTLI 4 , 3 Yaşlı İngilizler,\r\n\r\n58 kg, \r\n                    1900\r\n\r\nKum , E.İ.D. : 1.58.31"", ""winner"": ""BOB VALDES"", ""winner_ganyan"": ""1,25""}, {""race_index"": 3, ""race_id"": ""223019"", ""config"": ""Handikap 14/DHÖW /H1/Y2 , 4 ve Yukarı Araplar,\r\n\r\n\r\n                    1900\r\n\r\nKum , E.İ.D. : 2.10.52"", ""winner"": ""CANYAMAN"", ""winner_ganyan"": ""2,05""}, {""race_index"": 4, ""race_id"": ""223007"", ""config"": ""Maiden/DHÖW/Dişi , 4 Yaşlı Araplar,\r\n\r\n58 kg, \r\n                    1600\r\n\r\nKum , E.İ.D. : 1.48.55"", ""winner"": ""MEŞE PALAMUDU"", ""winner_ganyan"": ""3,05""}, {""race_index"": 5, ""race_id"": ""223009"", ""config"": ""KV-7/Dişi , 4 ve Yukarı İngilizler,\r\n\r\n58 kg, 60 kg, \r\n                    1600\r\n\r\nKum , E.İ.D. : 1.37.63"", ""winner"": ""MAJESTIK FLOW"", ""winner_ganyan"": ""1,75""}, {""race_index"": 6, ""race_id"": ""223017"", ""config"": ""KV-8/DHT , 4 Yaşlı Araplar,\r\n\r\n58 kg, \r\n                    1400\r\n\r\nKum , E.İ.D. : 1.32.97"", ""winner"": ""İLKERHAN"", ""winner_ganyan"": ""2,40""}, {""race_index"": 7, ""race_id"": ""223012"", ""config"": ""ŞARTLI 3 /X-1 , 4 ve Yukarı İngilizler,\r\n\r\n58 kg, 60 kg, \r\n                    1900\r\n\r\nKum , E.İ.D. : 1.58.31"", ""winner"": ""CAN EFE"", ""winner_ganyan"": ""1,60""}, {""race_index"": 8, ""race_id"": ""223006"", ""config"": ""Maiden/DHÖW/Dişi , 4 Yaşlı Araplar,\r\n\r\n58 kg, \r\n                    1600\r\n\r\nKum , E.İ.D. : 1.48.55"", ""winner"": ""KURUKAHVE"", ""winner_ganyan"": ""3,30""}]"
2026-02-09,Bursa,4,1. 6'LI GANYAN,6/4/7/7/2/9,1028.62,"1.028,62 ₺",9,https://www.tjk.org/TR/YarisSever/Info/Sehir/GunlukYarisSonuclari?SehirId=4&QueryParameter_Tarih=09%2F02%2F2026&SehirAdi=Bursa,"[{""race_index"": 1, ""race_id"": ""223032"", ""config"": ""ŞARTLI 4/DHÖ/Dişi/Y1 , 4 ve Yukarı Araplar,\r\n\r\n58 kg, 61 kg, \r\n                    1900\r\n\r\nKum , E.İ.D. : 2.11.51"", ""winner"": ""TORUNCALAS"", ""winner_ganyan"": ""1,25""}, {""race_index"": 2, ""race_id"": ""223023"", ""config"": ""Maiden/Dişi , 3 Yaşlı İngilizler,\r\n\r\n58 kg, \r\n                    1200\r\n\r\nKum , E.İ.D. : 1.11.37"", ""winner"": ""FLOWING FLOOD"", ""winner_ganyan"": ""3,45""}, {""race_index"": 3, ""race_id"": ""223026"", ""config"": ""ŞARTLI 4 , 4 ve Yukarı İngilizler,\r\n\r\n58 kg, 59 kg, \r\n                    1400\r\n\r\nKum , E.İ.D. : 1.24.50"", ""winner"": ""SELLY SON"", ""winner_ganyan"": ""1,30""}, {""race_index"": 4, ""race_id"": ""223028"", ""config"": ""Handikap 15 /H2 , 4 ve Yukarı İngilizler,\r\n\r\n\r\n                    2000\r\n\r\nKum , E.İ.D. : 2.06.06"", ""winner"": ""SUPER BERK"", ""winner_ganyan"": ""3,05""}, {""race_index"": 5, ""race_id"": ""223022"", ""config"": ""Maiden/Dişi , 3 Yaşlı İngilizler,\r\n\r\n58 kg, \r\n                    1200\r\n\r\nKum , E.İ.D. : 1.11.37"", ""winner"": ""AMONİ"", ""winner_ganyan"": ""5,30""}, {""race_index"": 6, ""race_id"": ""223030"", ""config"": ""ŞARTLI 3/DHÖ /X , 4 Yaşlı Araplar,\r\n\r\n58 kg, \r\n                    1900\r\n\r\nKum , E.İ.D. : 2.11.51"", ""winner"": ""BAY OLOF"", ""winner_ganyan"": ""2,75""}, {""race_index"": 7, ""race_id"": ""223025"", ""config"": ""Handikap 14 /H2 , 3 Yaşlı İngilizler,\r\n\r\n\r\n                    1800\r\n\r\nKum , E.İ.D. : 1.53.11"", ""winner"": ""FEARLESS DRAGON"", ""winner_ganyan"": ""2,45""}, {""race_index"": 8, ""race_id"": ""223024"", ""config"": ""Maiden/Dişi , 3 Yaşlı İngilizler,\r\n\r\n58 kg, \r\n                    1200\r\n\r\nKum , E.İ.D. : 1.11.37"", ""winner"": ""SUPER SATURDAY"", ""winner_ganyan"": ""4,60""}, {""race_index"": 9, ""race_id"": ""223031"", ""config"": ""Handikap 15/DHÖW /H2 , 4 Yaşlı Araplar,\r\n\r\n\r\n                    1400\r\n\r\nKum , E.İ.D. : 1.33.63"", ""winner"": ""GÜÇBATUR"", ""winner_ganyan"": ""15,75""}]"
2026-02-13,Izmir,2,6'LI GANYAN,1/1/1/1/4/3,1122.75,"1.122,75 ₺",6,https://www.tjk.org/TR/YarisSever/Info/Sehir/GunlukYarisSonuclari?SehirId=2&QueryParameter_Tarih=13%2F02%2F2026&SehirAdi=Izmir,"[{""race_index"": 1, ""race_id"": ""223137"", ""config"": ""Handikap 21/DHÖW /H1 , 4 ve Yukarı Araplar,\r\n\r\n\r\n                    2100\r\n\r\nKum , E.İ.D. : 2.26.21"", ""winner"": ""UMUT TAY"", ""winner_ganyan"": ""3,55""}, {""race_index"": 2, ""race_id"": ""223134"", ""config"": ""Kısa Vade Handikap 22 /H1 , 4 ve Yukarı İngilizler,\r\n\r\n\r\n                    1600\r\n\r\nKum , E.İ.D. : 1.37.63"", ""winner"": ""BRAVE CHAMPİON"", ""winner_ganyan"": ""1,75""}, {""race_index"": 3, ""race_id"": ""223130"", ""config"": ""Handikap 15 /H2 , 3 Yaşlı İngilizler,\r\n\r\n\r\n                    1400\r\n\r\nKum , E.İ.D. : 1.24.15"", ""winner"": ""ÖNDERBEYİM"", ""winner_ganyan"": ""2,25""}, {""race_index"": 4, ""race_id"": ""223128"", ""config"": ""SATIŞ 1 , 3 Yaşlı İngilizler,\r\n\r\n58 kg, \r\n                    1600\r\n\r\nKum , E.İ.D. : 1.37.63"", ""winner"": ""DESESPERADOS"", ""winner_ganyan"": ""3,80""}, {""race_index"": 5, ""race_id"": ""223136"", ""config"": ""ŞARTLI 4/DHÖW/Dişi , 4 Yaşlı Araplar,\r\n\r\n58 kg, \r\n                    1600\r\n\r\nKum , E.İ.D. : 1.48.55"", ""winner"": ""ESENGÜR"", ""winner_ganyan"": ""1,05""}, {""race_index"": 6, ""race_id"": ""223132"", ""config"": ""ŞARTLI 4/Dişi /X-1 , 4 ve Yukarı İngilizler,\r\n\r\n58 kg, 60 kg, \r\n                    2000\r\n\r\nKum , E.İ.D. : 2.05.51"", ""winner"": ""VICTORY MARSEILLE"", ""winner_ganyan"": ""1,95""}]"
2026-02-26,Izmir,2,1. 6'LI GANYAN,"1/3/7/4,7/1/3",408.5,"408,50 ₺",8,https://www.tjk.org/TR/YarisSever/Info/Sehir/GunlukYarisSonuclari?SehirId=2&QueryParameter_Tarih=26%2F02%2F2026&SehirAdi=Izmir,"[{""race_index"": 1, ""race_id"": ""223368"", ""config"": ""Maiden , 3 Yaşlı İngilizler,\r\n\r\n58 kg, \r\n                    1400\r\n\r\nKum , E.İ.D. : 1.24.15"", ""winner"": ""MOMENT SAVER"", ""winner_ganyan"": ""1,35""}, {""race_index"": 2, ""race_id"": ""223378"", ""config"": ""ŞARTLI 5/DHÖ , 4 Yaşlı Araplar,\r\n\r\n58 kg, \r\n                    1400\r\n\r\nKum , E.İ.D. : 1.32.97"", ""winner"": ""YENİBEY"", ""winner_ganyan"": ""2,05""}, {""race_index"": 3, ""race_id"": ""223376"", ""config"": ""ŞARTLI 4 , 4 ve Yukarı İngilizler,\r\n\r\n58 kg, 59 kg, \r\n                    1400\r\n\r\nKum , E.İ.D. : 1.24.15"", ""winner"": ""WOLF DED"", ""winner_ganyan"": ""1,70""}, {""race_index"": 4, ""race_id"": ""223372"", ""config"": ""Handikap 14/Dişi /H2 , 3 Yaşlı İngilizler,\r\n\r\n\r\n                    1400\r\n\r\nKum , E.İ.D. : 1.24.15"", ""winner"": ""SMYRNA POWER"", ""winner_ganyan"": ""3,20""}, {""race_index"": 5, ""race_id"": ""223380"", ""config"": ""SATIŞ 1/DHÖW , 4 ve Yukarı Araplar,\r\n\r\n57.50 kg, 61 kg, \r\n                    2100\r\n\r\nKum , E.İ.D. : 2.26.21"", ""winner"": ""ILDIRLI"", ""winner_ganyan"": ""3,60""}, {""race_index"": 6, ""race_id"": ""223374"", ""config"": ""KV-8 , 4 ve Yukarı İngilizler,\r\n\r\n58 kg, 60 kg, \r\n                    1900\r\n\r\nKum , E.İ.D. : 1.58.31"", ""winner"": ""BRAVE CHAMPİON"", ""winner_ganyan"": ""1,65""}, {""race_index"": 7, ""race_id"": ""223367"", ""config"": ""Maiden , 3 Yaşlı İngilizler,\r\n\r\n58 kg, \r\n                    1400\r\n\r\nKum , E.İ.D. : 1.24.15"", ""winner"": ""JAPONCAN"", ""winner_ganyan"": ""1,30""}, {""race_index"": 8, ""race_id"": ""223379"", ""config"": ""Handikap 14/DHÖW/Dişi /H2 , 4 Yaşlı Araplar,\r\n\r\n\r\n                    1400\r\n\r\nKum , E.İ.D. : 1.32.97"", ""winner"": ""BABY ARYA"", ""winner_ganyan"": ""3,30""}]"
2026-02-26,Izmir,2,2. 6'LI GANYAN,"7/4,7/1/3/4,5/2,5",357.0,"357,00 ₺",8,https://www.tjk.org/TR/YarisSever/Info/Sehir/GunlukYarisSonuclari?SehirId=2&QueryParameter_Tarih=26%2F02%2F2026&SehirAdi=Izmir,"[{""race_index"": 1, ""race_id"": ""223368"", ""config"": ""Maiden , 3 Yaşlı İngilizler,\r\n\r\n58 kg, \r\n                    1400\r\n\r\nKum , E.İ.D. : 1.24.15"", ""winner"": ""MOMENT SAVER"", ""winner_ganyan"": ""1,35""}, {""race_index"": 2, ""race_id"": ""223378"", ""config"": ""ŞARTLI 5/DHÖ , 4 Yaşlı Araplar,\r\n\r\n58 kg, \r\n                    1400\r\n\r\nKum , E.İ.D. : 1.32.97"", ""winner"": ""YENİBEY"", ""winner_ganyan"": ""2,05""}, {""race_index"": 3, ""race_id"": ""223376"", ""config"": ""ŞARTLI 4 , 4 ve Yukarı İngilizler,\r\n\r\n58 kg, 59 kg, \r\n                    1400\r\n\r\nKum , E.İ.D. : 1.24.15"", ""winner"": ""WOLF DED"", ""winner_ganyan"": ""1,70""}, {""race_index"": 4, ""race_id"": ""223372"", ""config"": ""Handikap 14/Dişi /H2 , 3 Yaşlı İngilizler,\r\n\r\n\r\n                    1400\r\n\r\nKum , E.İ.D. : 1.24.15"", ""winner"": ""SMYRNA POWER"", ""winner_ganyan"": ""3,20""}, {""race_index"": 5, ""race_id"": ""223380"", ""config"": ""SATIŞ 1/DHÖW , 4 ve Yukarı Araplar,\r\n\r\n57.50 kg, 61 kg, \r\n                    2100\r\n\r\nKum , E.İ.D. : 2.26.21"", ""winner"": ""ILDIRLI"", ""winner_ganyan"": ""3,60""}, {""race_index"": 6, ""race_id"": ""223374"", ""config"": ""KV-8 , 4 ve Yukarı İngilizler,\r\n\r\n58 kg, 60 kg, \r\n                    1900\r\n\r\nKum , E.İ.D. : 1.58.31"", ""winner"": ""BRAVE CHAMPİON"", ""winner_ganyan"": ""1,65""}, {""race_index"": 7, ""race_id"": ""223367"", ""config"": ""Maiden , 3 Yaşlı İngilizler,\r\n\r\n58 kg, \r\n                    1400\r\n\r\nKum , E.İ.D. : 1.24.15"", ""winner"": ""JAPONCAN"", ""winner_ganyan"": ""1,30""}, {""race_index"": 8, ""race_id"": ""223379"", ""config"": ""Handikap 14/DHÖW/Dişi /H2 , 4 Yaşlı Araplar,\r\n\r\n\r\n                    1400\r\n\r\nKum , E.İ.D. : 1.32.97"", ""winner"": ""BABY ARYA"", ""winner_ganyan"": ""3,30""}]"
2026-03-05,Izmir,2,1. 6'LI GANYAN,3/6/1/1/1/1,794.56,"794,56 ₺",9,https://www.tjk.org/TR/YarisSever/Info/Sehir/GunlukYarisSonuclari?SehirId=2&QueryParameter_Tarih=05%2F03%2F2026&SehirAdi=Izmir,"[{""race_index"": 1, ""race_id"": ""223498"", ""config"": ""Handikap 16/Dişi /H1 , 4 ve Yukarı İngilizler,\r\n\r\n\r\n                    1900\r\n\r\nKum , E.İ.D. : 1.58.31"", ""winner"": ""PELOŞ MY LOVE"", ""winner_ganyan"": ""2,55""}, {""race_index"": 2, ""race_id"": ""223482"", ""config"": ""Maiden/DHÖW , 4 Yaşlı Araplar,\r\n\r\n58 kg, \r\n                    1900\r\n\r\nKum , E.İ.D. : 2.10.52"", ""winner"": ""TURBO BEYİ"", ""winner_ganyan"": ""2,60""}, {""race_index"": 3, ""race_id"": ""223501"", ""config"": ""ŞARTLI 3/DHÖW/Dişi , 4 Yaşlı Araplar,\r\n\r\n58 kg, \r\n                    2000\r\n\r\nKum , E.İ.D. : 2.17.95"", ""winner"": ""ESENGÜR"", ""winner_ganyan"": ""1,05""}, {""race_index"": 4, ""race_id"": ""223506"", ""config"": ""ŞARTLI 3/DHÖW , 4 ve Yukarı Araplar,\r\n\r\n57.50 kg, 60.50 kg, \r\n                    2000\r\n\r\nKum , E.İ.D. : 2.17.95"", ""winner"": ""UMUT TAY"", ""winner_ganyan"": ""7,35""}, {""race_index"": 5, ""race_id"": ""223508"", ""config"": ""Handikap 16/DHÖW /H1 , 4 ve Yukarı Araplar,\r\n\r\n\r\n                    1200\r\n\r\nKum , E.İ.D. : 1.19.36"", ""winner"": ""EMİR İLYAS"", ""winner_ganyan"": ""1,85""}, {""race_index"": 6, ""race_id"": ""223494"", ""config"": ""G 3 , 3 Yaşlı İngilizler,\r\n\r\n58 kg, \r\n                    1900\r\n\r\nKum , E.İ.D. : 1.58.31"", ""winner"": ""ALMIGHTY ESPRIT"", ""winner_ganyan"": ""1,80""}, {""race_index"": 7, ""race_id"": ""223495"", ""config"": ""Handikap 14 /H2 , 3 Yaşlı İngilizler,\r\n\r\n\r\n                    2000\r\n\r\nKum , E.İ.D. : 2.05.51"", ""winner"": ""PHANTOM STRIKE"", ""winner_ganyan"": ""2,45""}, {""race_index"": 8, ""race_id"": ""223483"", ""config"": ""Maiden/DHÖW , 4 Yaşlı Araplar,\r\n\r\n58 kg, \r\n                    1900\r\n\r\nKum , E.İ.D. : 2.10.52"", ""winner"": ""GÜNER BAŞKAN"", ""winner_ganyan"": ""3,85""}, {""race_index"": 9, ""race_id"": ""223496"", ""config"": ""Handikap 14 /H1 , 4 ve Yukarı İngilizler,\r\n\r\n\r\n                    1400\r\n\r\nKum , E.İ.D. : 1.24.15"", ""winner"": ""MERCİA"", ""winner_ganyan"": ""4,90""}]"
2026-03-08,Izmir,2,2. 6'LI GANYAN,"9/5/8/5/3/2,4",893.0,"893,00 ₺",8,https://www.tjk.org/TR/YarisSever/Info/Sehir/GunlukYarisSonuclari?SehirId=2&QueryParameter_Tarih=08%2F03%2F2026&SehirAdi=Izmir,"[{""race_index"": 1, ""race_id"": ""223550"", ""config"": ""Handikap 15/Dişi /H2 , 3 Yaşlı İngilizler,\r\n\r\n\r\n                    2000\r\n\r\nKum , E.İ.D. : 2.05.51"", ""winner"": ""SHINE AGAIN"", ""winner_ganyan"": ""8,25""}, {""race_index"": 2, ""race_id"": ""223549"", ""config"": ""ŞARTLI 2 , 3 Yaşlı İngilizler,\r\n\r\n58 kg, \r\n                    1600\r\n\r\nKum , E.İ.D. : 1.37.63"", ""winner"": ""ERİNÖZ ALP"", ""winner_ganyan"": ""11,15""}, {""race_index"": 3, ""race_id"": ""223551"", ""config"": ""Handikap 16 /H1 , 4 ve Yukarı İngilizler,\r\n\r\n\r\n                    1400\r\n\r\nKum , E.İ.D. : 1.24.15"", ""winner"": ""EAST SONATA"", ""winner_ganyan"": ""3,35""}, {""race_index"": 4, ""race_id"": ""223552"", ""config"": ""Maiden/DHÖ , 4 Yaşlı Araplar,\r\n\r\n58 kg, \r\n                    1200\r\n\r\nKum , E.İ.D. : 1.19.36"", ""winner"": ""KEMİK KAPTAN"", ""winner_ganyan"": ""1,70""}, {""race_index"": 5, ""race_id"": ""223557"", ""config"": ""KV-7/DHÖW/Dişi , 4 ve Yukarı Araplar,\r\n\r\n58 kg, 60.50 kg, \r\n                    1900\r\n\r\nKum , E.İ.D. : 2.10.52"", ""winner"": ""TORUNCALAS"", ""winner_ganyan"": ""3,20""}, {""race_index"": 6, ""race_id"": ""223553"", ""config"": ""ŞARTLI 5/DHÖ/Y1 , 4 Yaşlı Araplar,\r\n\r\n58 kg, \r\n                    1900\r\n\r\nKum , E.İ.D. : 2.10.52"", ""winner"": ""CABBAR EFE"", ""winner_ganyan"": ""1,80""}, {""race_index"": 7, ""race_id"": ""223561"", ""config"": ""ŞARTLI 3/DHÖ , 4 ve Yukarı Araplar,\r\n\r\n58 kg, 60.50 kg, \r\n                    1600\r\n\r\nKum , E.İ.D. : 1.48.55"", ""winner"": ""RÜZGAR BARIŞ"", ""winner_ganyan"": ""1,90""}, {""race_index"": 8, ""race_id"": ""223554"", ""config"": ""Handikap 14/DHÖW/Dişi /H2 , 4 Yaşlı Araplar,\r\n\r\n\r\n                    1900\r\n\r\nKum , E.İ.D. : 2.10.52"", ""winner"": ""HADİYE"", ""winner_ganyan"": ""2,20""}]"
2026-03-15,Izmir,2,1. 6'LI GANYAN,"4/1/3/4/3,4/11",778.0,"778,00 ₺",9,https://www.tjk.org/TR/YarisSever/Info/Sehir/GunlukYarisSonuclari?SehirId=2&QueryParameter_Tarih=15%2F03%2F2026&SehirAdi=Izmir,"[{""race_index"": 1, ""race_id"": ""223686"", ""config"": ""Handikap 16 /H1 , 4 ve Yukarı İngilizler,\r\n\r\n\r\n                    2200\r\n\r\nKum , E.İ.D. : 2.20.23"", ""winner"": ""EL CACİQUE"", ""winner_ganyan"": ""1,95""}, {""race_index"": 2, ""race_id"": ""223681"", ""config"": ""Maiden , 3 Yaşlı İngilizler,\r\n\r\n58 kg, \r\n                    1600\r\n\r\nKum , E.İ.D. : 1.37.63"", ""winner"": ""GLORIOUS LIFE"", ""winner_ganyan"": ""4,55""}, {""race_index"": 3, ""race_id"": ""223685"", ""config"": ""ŞARTLI 5/Dişi , 4 ve Yukarı İngilizler,\r\n\r\n58 kg, 60 kg, \r\n                    1900\r\n\r\nKum , E.İ.D. : 1.58.31"", ""winner"": ""PEHLİVAN YILDIZI"", ""winner_ganyan"": ""1,55""}, {""race_index"": 4, ""race_id"": ""223688"", ""config"": ""ŞARTLI 3/DHÖW , 4 ve Yukarı Araplar,\r\n\r\n58 kg, 59.50 kg, \r\n                    1200\r\n\r\nKum , E.İ.D. : 1.19.36"", ""winner"": ""CANOĞLUCAN"", ""winner_ganyan"": ""4,40""}, {""race_index"": 5, ""race_id"": ""223682"", ""config"": ""Maiden , 3 Yaşlı İngilizler,\r\n\r\n58 kg, \r\n                    1600\r\n\r\nKum , E.İ.D. : 1.37.63"", ""winner"": ""BURNING HEART"", ""winner_ganyan"": ""1,70""}, {""race_index"": 6, ""race_id"": ""223684"", ""config"": ""G 1/ULS , 4 ve Yukarı İngilizler,\r\n\r\n60 kg, 60 kg, \r\n                    2100\r\n\r\nKum , E.İ.D. : 2.12.31"", ""winner"": ""THE PROTECTER"", ""winner_ganyan"": ""2,35""}, {""race_index"": 7, ""race_id"": ""223687"", ""config"": ""KV-7/DHT/Dişi , 4 Yaşlı Araplar,\r\n\r\n58 kg, \r\n                    1400\r\n\r\nKum , E.İ.D. : 1.32.97"", ""winner"": ""AYAZ DEFNE"", ""winner_ganyan"": ""1,60""}, {""race_index"": 8, ""race_id"": ""223683"", ""config"": ""KV-7/Dişi , 3 Yaşlı İngilizler,\r\n\r\n58 kg, \r\n                    1200\r\n\r\nKum , E.İ.D. : 1.11.25"", ""winner"": ""WHITE WOLF"", ""winner_ganyan"": ""1,50""}, {""race_index"": 9, ""race_id"": ""223689"", ""config"": ""Handikap 16/DHÖ /H1 , 4 ve Yukarı Araplar,\r\n\r\n\r\n                    1400\r\n\r\nKum , E.İ.D. : 1.32.97"", ""winner"": ""BAD REFTAR"", ""winner_ganyan"": ""20,50""}]"
2026-03-16,Bursa,4,1. 6'LI GANYAN,3/5/4/2/1/4,1049.18,"1.049,18 ₺",8,https://www.tjk.org/TR/YarisSever/Info/Sehir/GunlukYarisSonuclari?SehirId=4&QueryParameter_Tarih=16%2F03%2F2026&SehirAdi=Bursa,"[{""race_index"": 1, ""race_id"": ""223702"", ""config"": ""Maiden , 3 Yaşlı İngilizler,\r\n\r\n58 kg, \r\n                    1300\r\n\r\nKum , E.İ.D. : 1.18.11"", ""winner"": ""DRECARİ"", ""winner_ganyan"": ""1,35""}, {""race_index"": 2, ""race_id"": ""223705"", ""config"": ""ŞARTLI 5/DHÖW/Y1 , 4 Yaşlı Araplar,\r\n\r\n58 kg, \r\n                    2000\r\n\r\nKum , E.İ.D. : 2.18.40"", ""winner"": ""FERMAN YAZAR"", ""winner_ganyan"": ""4,00""}, {""race_index"": 3, ""race_id"": ""223707"", ""config"": ""Handikap 17 /H2 , 4 ve Yukarı İngilizler,\r\n\r\n\r\n                    2000\r\n\r\nKum , E.İ.D. : 2.06.06"", ""winner"": ""EAST WEST WARRIOR"", ""winner_ganyan"": ""1,65""}, {""race_index"": 4, ""race_id"": ""223701"", ""config"": ""Maiden , 3 Yaşlı İngilizler,\r\n\r\n58 kg, \r\n                    1300\r\n\r\nKum , E.İ.D. : 1.18.11"", ""winner"": ""KARA BERELİ"", ""winner_ganyan"": ""8,55""}, {""race_index"": 5, ""race_id"": ""223704"", ""config"": ""KV-7 , 4 ve Yukarı İngilizler,\r\n\r\n58 kg, 59 kg, \r\n                    1200\r\n\r\nKum , E.İ.D. : 1.11.37"", ""winner"": ""DRAGON PULSE"", ""winner_ganyan"": ""2,25""}, {""race_index"": 6, ""race_id"": ""223703"", ""config"": ""Handikap 15 /H2 , 3 Yaşlı İngilizler,\r\n\r\n\r\n                    1300\r\n\r\nKum , E.İ.D. : 1.18.11"", ""winner"": ""NEJDET BAŞKAN"", ""winner_ganyan"": ""1,55""}, {""race_index"": 7, ""race_id"": ""223700"", ""config"": ""Maiden , 3 Yaşlı İngilizler,\r\n\r\n58 kg, \r\n                    1300\r\n\r\nKum , E.İ.D. : 1.18.11"", ""winner"": ""MY BOY GÖKSU"", ""winner_ganyan"": ""2,05""}, {""race_index"": 8, ""race_id"": ""223706"", ""config"": ""Handikap 17/DHÖW /H2 , 4 ve Yukarı Araplar,\r\n\r\n\r\n                    1900\r\n\r\nKum , E.İ.D. : 2.11.51"", ""winner"": ""SURERTAY"", ""winner_ganyan"": ""2,65""}]"
2026-03-24,Adana,1,2. 6'LI GANYAN,"8,10/1,3,4,8/3,5/6/3/8,12",404.56,"404,56 ₺",8,https://www.tjk.org/TR/YarisSever/Info/Sehir/GunlukYarisSonuclari?SehirId=1&QueryParameter_Tarih=24%2F03%2F2026&SehirAdi=Adana,"[{""race_index"": 1, ""race_id"": ""223859"", ""config"": ""Handikap 15/DHÖW /H2 , 4 Yaşlı Araplar,\r\n\r\n\r\n                    2000\r\n\r\nKum , E.İ.D. : 2.20.77"", ""winner"": ""FATİH ŞAH"", ""winner_ganyan"": ""7,70""}, {""race_index"": 2, ""race_id"": ""223857"", ""config"": ""ŞARTLI 5 , 3 Yaşlı İngilizler,\r\n\r\n58 kg, \r\n                    1500\r\n\r\nKum , E.İ.D. : 1.31.83"", ""winner"": ""CALVADOS"", ""winner_ganyan"": ""2,25""}, {""race_index"": 3, ""race_id"": ""223860"", ""config"": ""SATIŞ 2 , 4 ve Yukarı İngilizler,\r\n\r\n58 kg, 59 kg, \r\n                    1400\r\n\r\nKum , E.İ.D. : 1.24.53"", ""winner"": ""HALLAND"", ""winner_ganyan"": ""2,00""}, {""race_index"": 4, ""race_id"": ""223861"", ""config"": ""ŞARTLI 5/DHT , 4 Yaşlı Araplar,\r\n\r\n58 kg, \r\n                    1200\r\n\r\nKum , E.İ.D. : 1.20.89"", ""winner"": ""CEVAHİRKAN"", ""winner_ganyan"": ""1,20""}, {""race_index"": 5, ""race_id"": ""223856"", ""config"": ""KV-7 , 3 Yaşlı İngilizler,\r\n\r\n58 kg, \r\n                    1900\r\n\r\nKum , E.İ.D. : 2.00.00"", ""winner"": ""MANDRAKE"", ""winner_ganyan"": ""1,20""}, {""race_index"": 6, ""race_id"": ""223862"", ""config"": ""Handikap 21 /H1 , 4 ve Yukarı İngilizler,\r\n\r\n\r\n                    1900\r\n\r\nKum , E.İ.D. : 2.00.00"", ""winner"": ""MONEY WELL SPENT"", ""winner_ganyan"": ""1,15""}, {""race_index"": 7, ""race_id"": ""223858"", ""config"": ""ŞARTLI 4/DHÖW , 4 ve Yukarı Araplar,\r\n\r\n58 kg, 60.50 kg, \r\n                    1900\r\n\r\nKum , E.İ.D. : 2.11.74"", ""winner"": ""BAY TOSUNOĞLU"", ""winner_ganyan"": ""4,10""}, {""race_index"": 8, ""race_id"": ""223863"", ""config"": ""Handikap 15/DHÖW/Dişi /H1 , 4 ve Yukarı Araplar,\r\n\r\n\r\n                    1200\r\n\r\nKum , E.İ.D. : 1.20.89"", ""winner"": ""GÜZELMİNE"", ""winner_ganyan"": ""3,95""}]"
2026-03-29,Adana,1,1. 6'LI GANYAN,"3/6,7,8/3,8/7/2/9",1098.12,"1.098,12 ₺",8,https://www.tjk.org/TR/YarisSever/Info/Sehir/GunlukYarisSonuclari?SehirId=1&QueryParameter_Tarih=29%2F03%2F2026&SehirAdi=Adana,"[{""race_index"": 1, ""race_id"": ""223972"", ""config"": ""Handikap 15 /H2 , 3 Yaşlı İngilizler,\r\n\r\n\r\n                    1900\r\n\r\nKum , E.İ.D. : 2.00.00"", ""winner"": ""EMPIRE MAN"", ""winner_ganyan"": ""1,60""}, {""race_index"": 2, ""race_id"": ""223960"", ""config"": ""Maiden/DHÖW/Dişi , 4 Yaşlı Araplar,\r\n\r\n58 kg, \r\n                    1400\r\n\r\nKum , E.İ.D. : 1.34.68"", ""winner"": ""NUR KADER"", ""winner_ganyan"": ""3,10""}, {""race_index"": 3, ""race_id"": ""223968"", ""config"": ""Handikap 17/DHÖW /H1 , 4 ve Yukarı Araplar,\r\n\r\n\r\n                    2200\r\n\r\nKum , E.İ.D. : 2.37.09"", ""winner"": ""LİDERKATI"", ""winner_ganyan"": ""1,75""}, {""race_index"": 4, ""race_id"": ""223970"", ""config"": ""Handikap 16/Dişi /H1 , 4 ve Yukarı İngilizler,\r\n\r\n\r\n                    1200\r\n\r\nKum , E.İ.D. : 1.12.20"", ""winner"": ""GOLDEN CAS"", ""winner_ganyan"": ""2,40""}, {""race_index"": 5, ""race_id"": ""223971"", ""config"": ""KV-9 , 4 ve Yukarı İngilizler,\r\n\r\n58 kg, 59 kg, \r\n                    1300\r\n\r\nKum , E.İ.D. : 1.18.98"", ""winner"": ""HALLELUKA"", ""winner_ganyan"": ""1,65""}, {""race_index"": 6, ""race_id"": ""223959"", ""config"": ""Maiden/DHÖW/Dişi , 4 Yaşlı Araplar,\r\n\r\n58 kg, \r\n                    1400\r\n\r\nKum , E.İ.D. : 1.34.68"", ""winner"": ""VARTO ESİNTİSİ"", ""winner_ganyan"": ""2,45""}, {""race_index"": 7, ""race_id"": ""223969"", ""config"": ""Handikap 16/DHÖW /H2 , 4 Yaşlı Araplar,\r\n\r\n\r\n                    1200\r\n\r\nKum , E.İ.D. : 1.20.89"", ""winner"": ""FIRTINAYÜREK"", ""winner_ganyan"": ""13,55""}, {""race_index"": 8, ""race_id"": ""223973"", ""config"": ""ŞARTLI 4/Dişi , 3 Yaşlı İngilizler,\r\n\r\n58 kg, \r\n                    1300\r\n\r\nKum , E.İ.D. : 1.18.98"", ""winner"": ""MISFIT"", ""winner_ganyan"": ""2,85""}]"
2026-03-29,Izmir,2,1. 6'LI GANYAN,"5,6/2/3/4/3/5",526.37,"526,37 ₺",8,https://www.tjk.org/TR/YarisSever/Info/Sehir/GunlukYarisSonuclari?SehirId=2&QueryParameter_Tarih=29%2F03%2F2026&SehirAdi=Izmir,"[{""race_index"": 1, ""race_id"": ""223966"", ""config"": ""ŞARTLI 5/DHÖ , 4 Yaşlı Araplar,\r\n\r\n58 kg, \r\n                    1600\r\n\r\nKum , E.İ.D. : 1.48.55"", ""winner"": ""KIRKLAR DAĞI"", ""winner_ganyan"": ""1,45""}, {""race_index"": 2, ""race_id"": ""223965"", ""config"": ""ŞARTLI 5 , 4 ve Yukarı İngilizler,\r\n\r\n58 kg, 59 kg, \r\n                    1200\r\n\r\nKum , E.İ.D. : 1.11.25"", ""winner"": ""CAN EFE"", ""winner_ganyan"": ""2,55""}, {""race_index"": 3, ""race_id"": ""223962"", ""config"": ""Maiden , 3 Yaşlı İngilizler,\r\n\r\n58 kg, \r\n                    1200\r\n\r\nKum , E.İ.D. : 1.11.25"", ""winner"": ""MUFASA"", ""winner_ganyan"": ""1,75""}, {""race_index"": 4, ""race_id"": ""223963"", ""config"": ""Handikap 14/Dişi /H2 , 3 Yaşlı İngilizler,\r\n\r\n\r\n                    1900\r\n\r\nKum , E.İ.D. : 1.58.31"", ""winner"": ""KARA THRACE"", ""winner_ganyan"": ""2,40""}, {""race_index"": 5, ""race_id"": ""223975"", ""config"": ""G 3/ULS , 3 Yaşlı İngilizler,\r\n\r\n58 kg, \r\n                    1700\r\n\r\nÇim , E.İ.D. : 1.41.10"", ""winner"": ""KRALIN DANSI"", ""winner_ganyan"": ""2,55""}, {""race_index"": 6, ""race_id"": ""223964"", ""config"": ""KV-9 , 4 ve Yukarı İngilizler,\r\n\r\n58 kg, 60 kg, \r\n                    1600\r\n\r\nKum , E.İ.D. : 1.37.63"", ""winner"": ""WARDENCLYFFE"", ""winner_ganyan"": ""1,05""}, {""race_index"": 7, ""race_id"": ""223961"", ""config"": ""Maiden , 3 Yaşlı İngilizler,\r\n\r\n58 kg, \r\n                    1200\r\n\r\nKum , E.İ.D. : 1.11.25"", ""winner"": ""NATIVE TIGER"", ""winner_ganyan"": ""2,20""}, {""race_index"": 8, ""race_id"": ""223967"", ""config"": ""Handikap 15/DHÖW /H1 , 4 ve Yukarı Araplar,\r\n\r\n\r\n                    1600\r\n\r\nKum , E.İ.D. : 1.48.55"", ""winner"": ""BOĞUŞLU"", ""winner_ganyan"": ""9,00""}]"
2026-04-07,Adana,1,1. 6'LI GANYAN,8/3/1/4/10/1,1058.18,"1.058,18 ₺",9,https://www.tjk.org/TR/YarisSever/Info/Sehir/GunlukYarisSonuclari?SehirId=1&QueryParameter_Tarih=07%2F04%2F2026&SehirAdi=Adana,"[{""race_index"": 1, ""race_id"": ""224146"", ""config"": ""Maiden , 3 Yaşlı İngilizler,\r\n\r\n58 kg, \r\n                    1400\r\n\r\nKum , E.İ.D. : 1.24.53"", ""winner"": ""TENDÜREK"", ""winner_ganyan"": ""1,70""}, {""race_index"": 2, ""race_id"": ""224155"", ""config"": ""SATIŞ 2 , 3 Yaşlı İngilizler,\r\n\r\n58 kg, \r\n                    1500\r\n\r\nKum , E.İ.D. : 1.31.83"", ""winner"": ""PRINCESS DENİZ"", ""winner_ganyan"": ""1,05""}, {""race_index"": 3, ""race_id"": ""224152"", ""config"": ""ŞARTLI 5 , 3 Yaşlı İngilizler,\r\n\r\n58 kg, \r\n                    1300\r\n\r\nKum , E.İ.D. : 1.18.98"", ""winner"": ""DARK VEYRON"", ""winner_ganyan"": ""1,80""}, {""race_index"": 4, ""race_id"": ""224157"", ""config"": ""Handikap 16 /H1 , 4 ve Yukarı İngilizler,\r\n\r\n\r\n                    1300\r\n\r\nKum , E.İ.D. : 1.18.98"", ""winner"": ""PRINCIPESSA NİLO"", ""winner_ganyan"": ""6,60""}, {""race_index"": 5, ""race_id"": ""224145"", ""config"": ""Maiden , 3 Yaşlı İngilizler,\r\n\r\n58 kg, \r\n                    1400\r\n\r\nKum , E.İ.D. : 1.24.53"", ""winner"": ""RHINE FALLS"", ""winner_ganyan"": ""11,60""}, {""race_index"": 6, ""race_id"": ""224158"", ""config"": ""ŞARTLI 5/DHÖW , 4 Yaşlı Araplar,\r\n\r\n58 kg, \r\n                    1500\r\n\r\nKum , E.İ.D. : 1.42.01"", ""winner"": ""CEVAHİRKAN"", ""winner_ganyan"": ""1,40""}, {""race_index"": 7, ""race_id"": ""224156"", ""config"": ""KV-7 , 4 ve Yukarı İngilizler,\r\n\r\n58 kg, 60 kg, \r\n                    2200\r\n\r\nKum , E.İ.D. : 2.21.04"", ""winner"": ""ALTINSİMA"", ""winner_ganyan"": ""1,55""}, {""race_index"": 8, ""race_id"": ""224147"", ""config"": ""Maiden , 3 Yaşlı İngilizler,\r\n\r\n58 kg, \r\n                    1400\r\n\r\nKum , E.İ.D. : 1.24.53"", ""winner"": ""WORLD CHIEF"", ""winner_ganyan"": ""1,85""}, {""race_index"": 9, ""race_id"": ""224159"", ""config"": ""ŞARTLI 4/DHÖW , 4 ve Yukarı Araplar,\r\n\r\n58 kg, 60.50 kg, \r\n                    1900\r\n\r\nKum , E.İ.D. : 2.11.74"", ""winner"": ""ACUN TAY"", ""winner_ganyan"": ""6,90""}]"
2026-04-10,Antalya,10,1. 6'LI GANYAN,"7,11/7/1/1/4/4",905.87,"905,87 ₺",8,https://www.tjk.org/TR/YarisSever/Info/Sehir/GunlukYarisSonuclari?SehirId=10&QueryParameter_Tarih=10%2F04%2F2026&SehirAdi=Antalya,"[{""race_index"": 1, ""race_id"": ""224228"", ""config"": ""Maiden/Dişi , 3 Yaşlı İngilizler,\r\n\r\n58 kg, \r\n                    1700\r\n\r\nSentetik , E.İ.D. : 1.41.46"", ""winner"": ""NAERYS"", ""winner_ganyan"": ""2,05""}, {""race_index"": 2, ""race_id"": ""224232"", ""config"": ""ŞARTLI 3 , 4 ve Yukarı İngilizler,\r\n\r\n58 kg, 60 kg, \r\n                    2100\r\n\r\nKum , E.İ.D. : 2.13.66"", ""winner"": ""GOLDEN DRAGON"", ""winner_ganyan"": ""1,30""}, {""race_index"": 3, ""race_id"": ""224229"", ""config"": ""Maiden/Dişi , 3 Yaşlı İngilizler,\r\n\r\n58 kg, \r\n                    1700\r\n\r\nSentetik , E.İ.D. : 1.41.46"", ""winner"": ""KAFKAS CEYLANI"", ""winner_ganyan"": ""2,95""}, {""race_index"": 4, ""race_id"": ""224242"", ""config"": ""Handikap 14/DHÖW /H2 , 4 Yaşlı Araplar,\r\n\r\n\r\n                    1300\r\n\r\nSentetik , E.İ.D. : 1.24.42"", ""winner"": ""SALAHİYET"", ""winner_ganyan"": ""5,70""}, {""race_index"": 5, ""race_id"": ""224234"", ""config"": ""ŞARTLI 4/DHÖW/Dişi , 4 ve Yukarı Araplar,\r\n\r\n57.50 kg, 60.50 kg, \r\n                    2000\r\n\r\nKum , E.İ.D. : 2.20.69"", ""winner"": ""ATEŞİM"", ""winner_ganyan"": ""3,15""}, {""race_index"": 6, ""race_id"": ""224233"", ""config"": ""Handikap 21 /H1 , 4 ve Yukarı İngilizler,\r\n\r\n\r\n                    2100\r\n\r\nSentetik , E.İ.D. : 2.08.33"", ""winner"": ""ADDRESS"", ""winner_ganyan"": ""1,60""}, {""race_index"": 7, ""race_id"": ""224243"", ""config"": ""KV-8 , 3 Yaşlı İngilizler,\r\n\r\n58 kg, \r\n                    2100\r\n\r\nSentetik , E.İ.D. : 2.08.33"", ""winner"": ""THE REAL ONE"", ""winner_ganyan"": ""1,65""}, {""race_index"": 8, ""race_id"": ""224239"", ""config"": ""SATIŞ 1/DHÖW , 4 Yaşlı Araplar,\r\n\r\n58 kg, \r\n                    1400\r\n\r\nSentetik , E.İ.D. : 1.31.84"", ""winner"": ""SİYAH KUŞ"", ""winner_ganyan"": ""30,40""}]"
2026-04-10,Izmir,2,1. 6'LI GANYAN,2/1/1/4/1/1,707.87,"707,87 ₺",8,https://www.tjk.org/TR/YarisSever/Info/Sehir/GunlukYarisSonuclari?SehirId=2&QueryParameter_Tarih=10%2F04%2F2026&SehirAdi=Izmir,"[{""race_index"": 1, ""race_id"": ""224235"", ""config"": ""SATIŞ 1 , 3 Yaşlı İngilizler,\r\n\r\n58 kg, \r\n                    1200\r\n\r\nKum , E.İ.D. : 1.11.25"", ""winner"": ""ORANGE AZURA"", ""winner_ganyan"": ""2,10""}, {""race_index"": 2, ""race_id"": ""224236"", ""config"": ""Handikap 16 /H2 , 3 Yaşlı İngilizler,\r\n\r\n\r\n                    1400\r\n\r\nKum , E.İ.D. : 1.24.15"", ""winner"": ""BOB VALDES"", ""winner_ganyan"": ""1,60""}, {""race_index"": 3, ""race_id"": ""224231"", ""config"": ""Maiden , 3 Yaşlı İngilizler,\r\n\r\n58 kg, \r\n                    1800\r\n\r\nÇim , E.İ.D. : 1.48.24"", ""winner"": ""PATPAT"", ""winner_ganyan"": ""2,60""}, {""race_index"": 4, ""race_id"": ""224238"", ""config"": ""ŞARTLI 5 , 4 ve Yukarı İngilizler,\r\n\r\n58 kg, 60 kg, \r\n                    2000\r\n\r\nÇim , E.İ.D. : 2.00.03"", ""winner"": ""TORUN YUSUF"", ""winner_ganyan"": ""2,90""}, {""race_index"": 5, ""race_id"": ""224241"", ""config"": ""KV-7/DHÖW , 4 ve Yukarı Araplar,\r\n\r\n57.50 kg, 60.50 kg, \r\n                    2000\r\n\r\nKum , E.İ.D. : 2.17.95"", ""winner"": ""DÜNDARZADE"", ""winner_ganyan"": ""1,75""}, {""race_index"": 6, ""race_id"": ""224237"", ""config"": ""ŞARTLI 4/Y1 , 4 ve Yukarı İngilizler,\r\n\r\n58 kg, 60 kg, \r\n                    2200\r\n\r\nKum , E.İ.D. : 2.20.23"", ""winner"": ""ERBAALI SADİ"", ""winner_ganyan"": ""3,65""}, {""race_index"": 7, ""race_id"": ""224240"", ""config"": ""KV-6/DHÖW , 4 Yaşlı Araplar,\r\n\r\n58 kg, \r\n                    1200\r\n\r\nKum , E.İ.D. : 1.19.36"", ""winner"": ""SADIK AĞANIN OĞLU"", ""winner_ganyan"": ""1,10""}, {""race_index"": 8, ""race_id"": ""224230"", ""config"": ""Maiden , 3 Yaşlı İngilizler,\r\n\r\n58 kg, \r\n                    1800\r\n\r\nÇim , E.İ.D. : 1.48.24"", ""winner"": ""RÜZGARIN SESİ"", ""winner_ganyan"": ""5,85""}]"
2026-04-10,Izmir,2,2. 6'LI GANYAN,1/4/1/1/1/1,1106.37,"1.106,37 ₺",8,https://www.tjk.org/TR/YarisSever/Info/Sehir/GunlukYarisSonuclari?SehirId=2&QueryParameter_Tarih=10%2F04%2F2026&SehirAdi=Izmir,"[{""race_index"": 1, ""race_id"": ""224235"", ""config"": ""SATIŞ 1 , 3 Yaşlı İngilizler,\r\n\r\n58 kg, \r\n                    1200\r\n\r\nKum , E.İ.D. : 1.11.25"", ""winner"": ""ORANGE AZURA"", ""winner_ganyan"": ""2,10""}, {""race_index"": 2, ""race_id"": ""224236"", ""config"": ""Handikap 16 /H2 , 3 Yaşlı İngilizler,\r\n\r\n\r\n                    1400\r\n\r\nKum , E.İ.D. : 1.24.15"", ""winner"": ""BOB VALDES"", ""winner_ganyan"": ""1,60""}, {""race_index"": 3, ""race_id"": ""224231"", ""config"": ""Maiden , 3 Yaşlı İngilizler,\r\n\r\n58 kg, \r\n                    1800\r\n\r\nÇim , E.İ.D. : 1.48.24"", ""winner"": ""PATPAT"", ""winner_ganyan"": ""2,60""}, {""race_index"": 4, ""race_id"": ""224238"", ""config"": ""ŞARTLI 5 , 4 ve Yukarı İngilizler,\r\n\r\n58 kg, 60 kg, \r\n                    2000\r\n\r\nÇim , E.İ.D. : 2.00.03"", ""winner"": ""TORUN YUSUF"", ""winner_ganyan"": ""2,90""}, {""race_index"": 5, ""race_id"": ""224241"", ""config"": ""KV-7/DHÖW , 4 ve Yukarı Araplar,\r\n\r\n57.50 kg, 60.50 kg, \r\n                    2000\r\n\r\nKum , E.İ.D. : 2.17.95"", ""winner"": ""DÜNDARZADE"", ""winner_ganyan"": ""1,75""}, {""race_index"": 6, ""race_id"": ""224237"", ""config"": ""ŞARTLI 4/Y1 , 4 ve Yukarı İngilizler,\r\n\r\n58 kg, 60 kg, \r\n                    2200\r\n\r\nKum , E.İ.D. : 2.20.23"", ""winner"": ""ERBAALI SADİ"", ""winner_ganyan"": ""3,65""}, {""race_index"": 7, ""race_id"": ""224240"", ""config"": ""KV-6/DHÖW , 4 Yaşlı Araplar,\r\n\r\n58 kg, \r\n                    1200\r\n\r\nKum , E.İ.D. : 1.19.36"", ""winner"": ""SADIK AĞANIN OĞLU"", ""winner_ganyan"": ""1,10""}, {""race_index"": 8, ""race_id"": ""224230"", ""config"": ""Maiden , 3 Yaşlı İngilizler,\r\n\r\n58 kg, \r\n                    1800\r\n\r\nÇim , E.İ.D. : 1.48.24"", ""winner"": ""RÜZGARIN SESİ"", ""winner_ganyan"": ""5,85""}]"
